TOWN,CLERK TEL #,ELECTION,DATE,POLLS OPEN,POLLING LOCATION,STREET ADDRESS,OTHER ELECTION INFO,SCHOOL ELECTION INFO,latitude,longitude,geocode_status
Addison,802-759-2020,Annual Meeting,3/3/25,7:00 AM,Addison Community Center,"121 VT Route 17 W, Addison",,,44.0537796,-73.4130329,success
Albany,802-755-6100,Annual Meeting,3/4/25,9:00 AM,Albany Town Hall,"833 Main St, Albany","Additional polling place at Albany Town Clerk's Office,
827 Main St, Albany (depends on the year)",,44.7309903,-72.3793124,success
Alburgh,802-796-3468,Annual Meeting,3/3/25,7:00 AM,Alburgh Fire Hall,"36 Firehouse Rd, Alburgh",,,44.9800364,-73.3058124,success
Andover,802-875-2765,Annual Meeting,3/3/25,8:00 AM,Andover Town Hall,"59 Town Hall Rd, Andover",,,43.2769757,-72.6988317,success
Arlington,802-375-2332,Annual Meeting,3/3/25,10:00 AM,"Arlington Memorial High School
Gymnasium","529 E Arlington Rd, Arlington","Floor Meeting Monday, 3/3/25.  Election Tuesday, 3/4/25.",,43.0666579,-73.1511183,success
Athens,802-869-3370,Annual Meeting,3/3/25,10:00 AM,Athens Town Office,"25 Brookline Rd, Athens","Town Meeting: Monday, March 3rd at 6:00pm at the
Athens Community Center (Former Elementary School) //
Australian Balloting: Tuesday March 4th 10:00 - 7:00 at
the Athens Town Office",,43.1298921,-72.5674804,success
Bakersfield,802-827-4495,Annual Meeting,3/4/25,10:00 AM,Bakersfield Town Hall,"40 E Bakersfield Rd, Bakersfield","Information valid as of 2024. Contact town clerk for
updates.",,44.781754,-72.8009168,success
Baltimore,802-263-5274,Annual Meeting,3/4/25,10:00 AM,Baltimore Town Office,"1902 Baltimore Rd, Baltimore","Town Meeting begins at 7:15 PM after polls close for
School District voting.",Australian Ballot Polls 10:00 AM - 7:00 PM,43.3616083,-72.5713743,success
Barnard,802-234-9211 x1,Annual Meeting,3/4/25,10:00 AM,Barnard Town Hall,"115 North Rd, Barnard",,Union School polls 10 AM to 7 PM,43.7302772,-72.6184323,success
Barnet,802-633-2256,Annual Meeting,3/4/25,10:00 AM,Barnet School,"163 Kid Row, Barnet",,School election: 3/4/2025 - 7 a.m. to 7 p.m.,44.3068395,-72.0800487,success
Barre City,802-476-0242,Annual Meeting,5/13/25,7:00 AM,Barre Civic Center Auditorium,"19 Auditorium Hill, Barre",,"BUUSD/CVCC School elections - 03/04/2025 at the
Barre Auditorium",44.2023276,-72.5044486,success
Barre Town,802-479-9391,Annual Meeting,3/4/25,7:00 AM,"Barre Town Middle and
Elementary School","70 Websterville Rd, Barre",,"Barre Unified Union School District and Central Vermont
Career Center Annual Elections - March 4, 2025",44.1656058,-72.487543,success
Barton,802-525-6222,Annual Meeting,3/4/25,7:00 PM,Lake Region Union High School,"317 Lake Region Rd, Orleans","Floor meeting only, no polls",,44.7831906,-72.2207416,success
Belvidere,802-644-6621,Annual Meeting,3/4/25,10:00 AM,Belvidere Central School,"4515 Route 109, Belvidere Center",,,44.7470532,-72.7014801,success
Bennington A,802-442-1043,Annual Meeting,3/4/25,7:00 AM,Bennington Fire Dept,"130 River St, Bennington","Information valid as of 2024. Contact town clerk for
updates.",,42.88245,-73.199939,success
Bennington B,802-442-1043,Annual Meeting,3/4/25,7:00 AM,North Bennington Trustees Office,"2 Depot St, North Bennington","Information valid as of 2024. Contact town clerk for
updates.",,42.9323002,-73.2421727,success
Benson,802-537-2611,Annual Meeting,3/1/25,10:00 AM,Community Hall,"2724 Stage Rd, Benson","Town offices elected by Australian ballot March 4, 2025.","March 4, 2025 10AM-7PM",43.7084489,-73.3102253,success
Berkshire,802-933-2335,Annual Meeting,3/3/25,10:00 AM,Berkshire Town Clerk's Office,"4454 Water Tower Rd, Berkshire",,,44.97164,-72.7740536,success
Berlin,802-229-9298,Annual Meeting,3/1/25,10:00 AM,Berlin Elementary School,"372 Paine Tpke N, Berlin","3/4/2025, 10 am - 7 pm at 108 Shed Rd, Berlin VT 05602
(Australian ballot)",,44.2145352,-72.5718741,success
Bethel,802-234-9722,Annual Meeting,3/4/25,8:00 AM,"White River Unified School -
Bethel Campus","273 Pleasant St, Bethel",,"March 4, 2025 - Election of School Directors",43.832961,-72.6436893,success
Bloomfield,802-962-5191,Annual Meeting,3/4/25,10:00 AM,Bloomfield Town Hall,"27 Schoolhouse Rd, Bloomfield","Information valid as of 2024. Contact town clerk for
updates.",,44.7546545,-71.6286695,success
Bolton,802-434-5075 x222,Annual Meeting,3/4/25,7:00 AM,Smilie Elementary School,"2712 Theodore Roosevelt Hwy, Bolton","Information valid as of 2024. Contact town clerk for
updates.",,44.3737944,-72.8769552,success
Bradford,802-222-4727 x200,Annual Meeting,3/1/25,10:00 AM,Bradford Academy Auditorium,"172 North Main St, Bradford","In-person Town Meeting is Sat. March 1, 2025, at 9:00
am. Australian Ballot Voting for Elected Officers is
Tuesday, March 4th, 2025 polls are open 10am-7pm.",OUUSD meeting in May. Date is not set yet.,43.9972456,-72.1260218,success
Braintree,802-728-9787 x3,Annual Meeting,3/4/25,10:00 AM,Braintree Town Hall,"5379 VT Route 12A, Braintree",,9:00 am - 7:00 pm,43.973157,-72.7489554,success
Brandon,802-247-3635,Annual Meeting,3/4/25,7:00 AM,Brandon American Legion,"550 Franklin St, Brandon","Informational meeting with floor votes on Monday, March
3 at 7pm at Brandon Town Hall.",,43.7934279,-73.0785908,success
Brattleboro,802-251-8157,Annual Meeting,3/4/25,7:00 AM,American Legion,"32 Linden St, Brattleboro","Annual Town Meeting is March 4, 2025 at the American
Legion from 7am to 7pm. Representative Town meeting
is March 22, 2025 at the BUHS Gymnasium beginning at
8:30am.  Representative Town Meeting - March 22, 2025,
BUHS Gymnasium, 8:30am.","WSESD Annual Meeting - March 18, 2025, BUHS
Gymnasium, 7:00pm. WSESD School Board Elections -
March 4, 2025, American Legion, 7am to 7pm",42.856117,-72.5611432,success
Bridgewater,802-672-3334 x1,Annual Meeting,3/4/25,9:00 AM,Bridgewater Community Center,"76 Southgate Loop, Bridgewater",,"School Australian Ballot, March 4, 2025 8:00 am to 7:00
pm Town Office, 45 Southgate Loop, Bridgewater, VT",43.5881451,-72.6243376,success
Bridport,802-758-2483,Annual Meeting,3/4/25,7:00 AM,Bridport Community Hall,"52 Crown Point Rd, Bridport",,,43.9851168,-73.3146025,success
Brighton,802-723-4405,Annual Meeting,3/3/25,9:00 AM,Brighton Town Hall - Gymnasium,"49 Mill St Ext, Brighton","We hold our annual meeting on Monday night at 7:00 PM
starting with the school, and the town immediately follows
at 7:30 PM and then vote by Australian ballot for officers,
for town and school, and North Country Union High
School items on Tuesday, March 4, 2025",,,,not_found
Bristol,802-453-2410 x5,Annual Meeting,3/4/25,7:00 AM,Holley Hall,"1 South St, Bristol","Floor Voting meeting is Monday night 3/3/2025 starting at
6pm and Australian Ballot is Tuesday 3/4/2025.",,44.1329837,-73.0789955,success
Brookfield,802-276-3352,Annual Meeting,3/4/25,9:00 AM,Brookfield Elementary School,"1728 Ridge Rd, Brookfield",,,44.0163953,-72.6066833,success
Brownington,802-754-8401,Annual Meeting,3/4/25,10:00 AM,Brownington Central School,"103 Chase Rd, Brownington",,"Monday, March 10, 2025 at 7:30 pm at Lake Region
Union High School located at 317 Lake Region Rd,
Orleans, VT.",44.8198038,-72.1374651,success
Brunswick,802-962-5514,Annual Meeting,3/4/25,10:00 AM,Community Office Building,"994 VT Route 102, Brunswick",,,44.7362785,-71.6333565,success
Burke,802-467-3717,Annual Meeting,3/4/25,8:00 AM,Burke Community Building,"212 School St, West Burke",Town Garage Bond Vote,Kingdom East School District Budget Vote,44.6453049,-71.9791035,success
Burlington Ward 1,802-865-7000,Annual Meeting,3/4/25,7:00 AM,Ward 1: Mater Christi School,"50 Mansfield Ave, Burlington",,,44.4821005,-73.198394,success
Burlington Ward 2,802-865-7000,Annual Meeting,3/4/25,7:00 AM,"Ward 2: O.N.E. Community
Center","20 Allen St, Burlington",,,44.4840277,-73.2151175,success
Burlington Ward 3,802-865-7000,Annual Meeting,3/4/25,7:00 AM,"Ward 3: Sustainability
Academy/Lawrence Barnes
Elementary School","123 North St, Burlington",,,44.4839891,-73.2167816,success
Burlington Ward 4,802-865-7000,Annual Meeting,3/4/25,7:00 AM,Ward 4: Elk's Lodge,"925 North Ave, Burlington",,,44.5023767,-73.2397197,success
Burlington Ward 5,802-865-7000,Annual Meeting,3/4/25,7:00 AM,"Ward 5: Burlington Electric
Department","585 Pine St, Burlington",,,44.4638145,-73.2155973,success
Burlington Ward 6,802-865-7000,Annual Meeting,3/4/25,7:00 AM,"Ward 6: Edmunds Elementary
School","275 Main St, Burlington",,,44.4754444,-73.2083351,success
Burlington Ward 7,802-865-7000,Annual Meeting,3/4/25,7:00 AM,"Ward 7: Robert Miller Recreation
Center","130 Gosse Ct, Burlington",,,44.5134394,-73.2466695,success
Burlington Ward 8,802-865-7000,Annual Meeting,3/4/25,7:00 AM,Ward 8: Fletcher Free Library,"235 College St, Burlington",,,44.4769008,-73.2105249,success
Cabot,802-563-2279,Annual Meeting,3/4/25,7:00 AM,Cabot Town Hall,"3084 Main St, Cabot",,"Tuesday, March 4. School is included on the town's
ballot.",44.4021466,-72.3110219,success
Calais,802-456-8720,Annual Meeting,3/4/25,7:00 AM,Calais Elementary School,"321 Lightening Ridge Rd, Calais",,,44.319376,-72.4515805,success
Cambridge,802-644-2251,Annual Meeting,3/4/25,7:00 AM,Cambridge Gymnasium,"186 School St, Jeffersonville",,,44.6447535,-72.8271487,success
Canaan,802-266-3370,Annual Meeting,3/3/25,8:00 AM,Canaan Town Office,"318 Christian Hill, Canaan","Australian ballot voting is on March 4, 2025",,44.9988126,-71.533353,success
Castleton,802-468-5319,Annual Meeting,3/4/25,8:00 AM,"Castleton Public Safety Building
AKA Castleton Fire Station","273 Route 30 N, Castleton","Informational Town Meeting is February 17th, 2025 at
6:30pm at Herrick Auditorium at the Vermont State
University at Castleton.",,43.6127855,-73.2079788,success
Cavendish,802-226-7292,Annual Meeting,3/4/25,10:00 AM,Proctorsville Fire Station,"513 Main St, Proctorsville",,,43.383475,-72.6381525,success
Charleston,802-895-2814,Annual Meeting,3/4/25,10:00 AM,Charleston Elementary,"255 Center School Rd, Charleston",,"Same as Town, 10am at Charleston Elementary, 255
Center School Rd, Charleston VT",44.8425893,-72.0189366,success
Charlotte,802-425-3071,Annual Meeting,3/4/25,7:00 AM,Charlotte Town Hall,"159 Ferry Rd, Charlotte","March 1, 2025 - Traditional Town Meeting - Floor Vote",,44.3103335,-73.249642,success
Chelsea,802-685-4460,Annual Meeting,3/4/25,9:00 AM,Chelsea Town Hall,"296 VT Route 110, Chelsea",,3-Mar-25,43.9892166,-72.4472814,success
Chester,802-875-2173,Annual Meeting,3/4/25,9:00 AM,"Town Hall, 2nd floor","556 Elm St, Chester",,,43.2685079,-72.5891735,success
Chittenden,802-483-6647,Annual Meeting,3/4/25,9:00 AM,Municipal Office,"260 Chittenden Rd, Chittenden",,,43.7059275,-72.9492165,success
Clarendon,802-775-4274 x1,Annual Meeting,3/4/25,10:00 AM,Clarendon Town Hall,"279 Middle Rd, Clarendon",,,43.5181451,-72.9715804,success
Colchester,802-264-5520,Annual Meeting,3/4/25,7:00 AM,Colchester High School,"Laker Lane, Colchester",,,44.5402696,-73.2151106,success
Concord,802-695-2220,Annual Meeting,3/4/25,10:00 AM,Concord Town Hall,"456 Main Street, Concord","Informational meeting Saturday, March 1, 2025 at 10:00
am at Concord Town Hall.",,44.4284878,-71.8864384,success
Corinth,802-439-5850,Annual Meeting,3/4/25,8:30 AM,Town Hall,"1387 Cookeville Rd, Corinth",Town Meeting begins at 10:00AM,,44.023767,-72.290082,success
Cornwall,802-462-2775,Annual Meeting,3/1/25,7:00 AM,Cornwall Town Hall,"2629 Route 30, Cornwall","Annual Meeting takes place at the Anna Stowell
Sunderland Bingham Memorial School to vote on all
articles from the floor, except the election of Town
Officials. Election of Town Officials will be by Australian
Ballot and takes place on Tuesday, March 4, 2025 from
7am-7pm at the Cornwall Town Hall.",,43.9613191,-73.2093307,success
Coventry,802-754-2288,Annual Meeting,3/4/25,9:00 AM,Coventry Community Center,"168 Main St, Coventry","Town - all articles are voted off the floor. Town meeting
starts at 10 AM.","Village School - all articles are Australian Ballot. Voting
is 9AM - 7PM town meeting day.",44.8666873,-72.2644627,success
Craftsbury,802-586-2823,Annual Meeting,3/4/25,9:00 AM,Craftsbury Academy Gym,"1422 N Craftsbury Rd, Craftsbury
Common",,,44.6366781,-72.3750717,success
Danby,802-293-5136 x3,Annual Meeting,3/3/25,7:00 AM,Municipal Office,"130 Brook Rd, Danby",Town meeting on March 3.  Voting on March 4.,,43.3466971,-72.9990838,success
Danville,802-684-3352,Annual Meeting,3/4/25,10:00 AM,Danville School Gym,"148 Peacham Rd, Danville",,,44.4102276,-72.1444193,success
Derby,802-766-4906,Annual Meeting,3/3/25,8:00 AM,Derby Municipal Building,"124 Main St, Derby",,,44.9526549,-72.1319196,success
Dorset,802-362-1178 x2,Annual Meeting,3/4/25,7:00 AM,Dorset School,"130 School Dr, Dorset","Information valid as of 2024. Contact town clerk for
updates.",,43.2219276,-73.0658569,success
Dover,802 464 5100,Annual Meeting,3/4/25,10:00AM,Dover Town Hall,"189 Taft Brook Rd, East Dover",,,42.944049,-72.8022483,success
Dummerston,802-257-1496,Annual Meeting,3/4/25,8:00 AM,Dummerston School,"52 Schoolhouse Rd, East Dummerston",,,,,not_found
Duxbury,802-244-6660,Annual Meeting,3/4/25,7:00 AM,Duxbury Town Office,"5421 VT Route 100, Duxbury",,,44.3200034,-72.7599651,success
East Haven,802-467-3772,Annual Meeting,3/4/25,10:00 AM,"Town of East Haven Community
Building","64 Community Building Rd, East Haven","Information valid as of 2024. Contact town clerk for
updates.",,44.6398415,-71.8918792,success
East Montpelier,802-223-3313 x201,Annual Meeting,3/4/25,7:00 AM,"East Montpelier Elementary
School","665 Vincent Flats Rd, East Montpelier",Our office is CLOSED the day before elections.,,44.2871333,-72.4961468,success
Eden,802-635-2528,Annual Meeting,3/4/25,9:00 AM,Eden Central School,"140 Knowles Flat Rd, Eden",,3/4/25 9am - 7pm,44.7051395,-72.5648596,success
Elmore,802-888-2637,Annual Meeting,3/4/25,8:00 AM,Town Clerk Office,"1175 VT Route 12, Elmore",,,44.5411489,-72.5233734,success
Essex Junction City,802-878-6944 x1623,Annual Meeting,3/4/25,7:00 AM,"Champlain Valley Exposition -
Blue Ribbon Pavilion","105 Pearl St, Essex Junction","Information valid as of 2024. Contact town clerk for
updates.",,44.4975192,-73.1204796,success
Essex Town,802-879-0413,Annual Meeting,3/4/25,7:00 AM,Essex Middle School,"60 Founders Rd, Essex Junction","Information Town Meeting night March 3,2025 4:30pm
Essex Middle School, 60 Founders Rd.",4-Apr-25,,,not_found
Fair Haven,802-265-3610,Annual Meeting,3/4/25,10:00 AM,American Legion Post 49,"72 S Main St, Fair Haven",,,43.5825365,-73.2642863,success
Fairfax,802-849-6111 x10,School Budget Revote,4/8/25,7:00 AM,Fairfax Town Office,12 Buck Hollow Rd,,Australian ballot,44.6743963,-73.0183258,success
Fairfield,802-827-3261,Annual Meeting,3/4/25,7:00 AM,Fairfield School,"57 Park St, Fairfield",,,44.8004439,-72.9479853,success
Fairlee,802-333-4363 x1,Annual Meeting,3/4/25,10:00 AM,Fairlee Town Hall,"75 Town Common Rd, Fairlee",Floor meeting,,43.9083695,-72.1423104,success
Fayston,802-496-2454,Annual Meeting,3/4/25,7:00 AM,Fayston Elementary School,"782 German Flats Rd, Fayston",,"Polling Hours 7AM-7PM Polling Location- Fayston
Elementary School-  782 German Flats Rd, Fayston, VT
05673",44.1796712,-72.8854042,success
Ferrisburgh,802-877-3429,Annual Meeting,3/1/25,7:00 AM,Town Hall and Community Center,"3279 US Route 7, Ferrisburgh",,,44.258311,-73.2286106,success
Fletcher,802-849-6616,Annual Meeting,3/4/25,8:00 AM,Fletcher Town Office,"33 Shaw Rd, Fletcher","Town Informational Meeting 03/01/2025 9:00am-11:00am
@ Fletcher Elementary School","School Informational Meeting 03/01/2025 11:30am-
12:30pm @ Fletcher Elementary School",44.6755778,-72.9233606,success
Franklin,802-285-2101,Annual Meeting,3/4/25,7:00 AM,Franklin Town Hall,"5336 Main St, Franklin",Town business if from the floor at 10:00 am,Australian ballot for school 7am - 7pm,44.9839812,-72.9161894,success
Georgia,802-524-3524,Annual Meeting,3/4/25,7:00 AM,"Georgia Elementary  & Middle
School","4416 Ethan Allen Hwy, St. Albans",,,44.7845184,-73.1024409,success
Glover,802-525-6227,Annual Meeting,3/4/25,10:00 AM,Glover Town Hall,"3018 Glover St, Glover",,,44.7057686,-72.1881742,success
Goshen,802-247-6455,Annual Meeting,3/3/25,9:00 AM,Goshen Town Hall,"34 Carlisle Hill Rd, Goshen",,"OVUUSD Feb. 26, 2025, 6:30pm",43.849461,-73.0229188,success
Grafton,802-843-2419,Annual Meeting,3/4/25,9:00 AM,Grafton Elementary School,"58 School Street, Grafton","Any special elections are held at the Town Office at 117
Main Street.",,43.170197,-72.6087226,success
Granby,802-328-3611,Annual Meeting,3/4/25,10:00 AM,Granby Town Office,"9005 Granby Rd, Granby",,,44.5699515,-71.7582696,success
Grand Isle,802-372-8830,Annual Meeting,3/4/25,7:00 AM,"Grand Isle Municipal Office
Building","9 Hyde Rd, Grand Isle","Information valid as of 2024. Contact town clerk for
updates.",,44.7221338,-73.2952077,success
Granville,802-767-4403,Annual Meeting,3/4/25,6:00 PM,Granville Town Hall,"4157 VT Route 100, Granville","Information valid as of 2024. Contact town clerk for
updates.",,43.9682577,-72.8433313,success
Greensboro,802-533-2911,Annual Meeting,3/4/25,10:00 AM,Highland Center for the Arts,"2875 Hardwick St, Greensboro",,"Hazen Union Elementary School Budget Vote, Highland
Center for the Arts. Polls open 10 am to 7 pm. //
Mountain View Elementary Union School Budget Vote,
Highland Center for the Arts. Polls 10 am to 7 pm.",44.5653151,-72.3070731,success
Groton,802-584-3276,Annual Meeting,3/4/25,10:00 AM,Groton Community Building,"1476 Scott Hwy, Groton",,,44.2115509,-72.1973554,success
Guildhall,802-676-3797,Annual Meeting,3/4/25,10:00 AM,The Guild Hall (Town Office),"13 Courthouse Dr, Guildhall",,same as Town Election,44.5650179,-71.5620921,success
Guilford,802-254-6857 x107,Annual Meeting,3/1/25,10:00 AM,Broad Brook Community Center,"3940 Guilford Center Rd, Guilford","Annual Meeting is the 1st Saturday of March - new this
year.  This will be held at the Guilford Central School, 374
School Rd, Guilford, VT 05301  Voting  will take place on
the 1st Tuesday of March, as usual, at BBCC.",,42.7936968,-72.6245298,success
Halifax,802-368-7390,Annual Meeting,3/4/25,10:00 AM,Halifax Multipurpose Room,"246 Branch Rd, Halifax",,,42.7845753,-72.768538,success
Hancock,802-767-3660,Annual Meeting,3/4/25,10:00 AM,Hancock Town Hall,"1091 VT Route 100, Hancock",,,43.9254234,-72.8409434,success
Hardwick,802-472-5971,Annual Meeting,3/4/25,9:00 AM,Hardwick Elementary School,"135 South Main St, Hardwick",,,44.5024104,-72.3676191,success
Hartford,802-295-2785,Annual Meeting,3/4/25,7:00 AM,Hartford High School Gym,"37 Highland Ave, White River Junction",,,43.6576123,-72.3191819,success
Hartland,802-436-2444,Annual Meeting,3/4/25,7:00 AM,Damon Hall,"1 Quechee Rd, Hartland",,,43.5414546,-72.3996366,success
Highgate,802-868-5002,Annual Meeting,3/4/25,7:00 AM,Highgate Sports Arena,"243 Gore Rd, Highgate","Town Meeting informational session on February 27 at
6pm, Highgate Elementary School.",,44.942409,-73.0424665,success
Hinesburg,802-482-2281 x1,Annual Meeting,3/4/25,7:00 AM,Town Hall,"10632 Route 116,  Hinesburg",,,44.3293,-73.1106673,success
Holland,802-895-4440,Annual Meeting,3/4/25,7:30 AM,Holland Elementary School,"26 School Rd, Holland",,,44.9730922,-72.01273,success
Hubbardton,802-273-2951,Annual Meeting,3/3/25,10:00 AM,Town Hall,"1831 Monument Hill Rd, Castleton","March 3, 2025 Floor meeting for budget items, March 4th
is Australian ballot vote for town officers.","March 4, 2025. Town Hall - 1831 Monument Hill Rd - 10
AM - 7PM",,,not_found
Huntington,802-434-2032,Annual Meeting,3/4/25,6:30 AM,Brewster-Pierce School,"120 School St, Huntington",,,44.2957903,-72.9634686,success
Hyde Park,802-888-2300 x8,Annual Meeting,3/4/25,8:30 AM,"Town Office - Lower Level
Meeting Room","344 VT 15 W, Hyde Park",,"School District Annual Meeting 2/17/25 at GMTCC
Meeting Room, 738 VT-15, Hyde Park, VT 05655,
polling will be on Town Meeting Day at Town Office 344
VT 15 W, Hyde Park, VT 05655 (same location/hours as
town polling)",44.5984921,-72.6226139,success
Ira,802-235-2745,Annual Meeting,3/4/25,10:00 AM,Ira Town Office,"53 West Rd, Ira","March 3, 2025, at 7:00 p.m. School District Meeting.
Informational Hearing to follow at 7:30 at Town Hall.",,43.5343051,-73.0640443,success
Irasburg,802-754-2242,Annual Meeting,3/4/25,6:00 PM,Irasburg Town Hall,"118 Park Ave, Irasburg",,,44.8025464,-72.2781245,success
Isle La Motte,802-928-3434,Annual Meeting,3/4/25,7:00 AM,Town Clerk's Office,"42 School St Ext, Isle La Motte",,,,,not_found
Jamaica,802-874-4681,Annual Meeting,3/4/25,10:00 AM,Jamaica Town Hall,"3735 VT Route 30, Jamaica","Only Floor Voting. Informational meeting February 25 at
7pm.","4th Wednesday of March. School Board elected at Town
Meeting.",43.0998778,-72.7779624,success
Jay,802-988-2996,Annual Meeting,3/4/25,10:00 AM,Jay/Westfield School,"257 Revoir Flat Rd, Jay","When Town/School Meeting end, polls may be moved to
the Town Office until 7 pm.",,44.953394,-72.4342144,success
Jericho,802-899-4936 x1,Annual Meeting,3/4/25,7:00 AM,"Mount Mansfield Union High
School","211 Browns Trace, Jericho",,,44.4852339,-72.963092,success
Killington,802-422-3241,Annual Meeting,3/4/25,7:00 AM,Killington Town Office,"2706 River Rd, Killington",,,43.6750667,-72.779712,success
Kirby,802-626-9386,Annual Meeting,3/4/25,10:00 AM,Kirby Town Hall,"346 Town Hall Rd, Lyndonville",,,44.5222287,-71.9387145,success
Landgrove,802-824-3716,Annual Meeting,3/4/25,6:00 PM,Landgrove Town Hall,"88 Landgrove Rd, Landgrove","Information valid as of 2024. Contact town clerk for
updates.",,43.2663132,-72.8572666,success
Leicester,802-247-5961,Annual Meeting,3/4/25,10:00 AM,Leicester Town Office,"44 Schoolhouse Rd, Leicester","Floor meeting (Budget vote) 03/03/2025. Ballot voting
03/04/2025",,43.8663739,-73.1088748,success
Lemington,802-277-4814,Annual Meeting,3/4/25,10:00 AM,Lemington Town Hall,"2549 River Rd, Lemington",,NEK Choice Polling 10 am - 7 pm at the Town Hall,,,not_found
Lincoln,802-453-2980,Annual Meeting,3/3/25,7:00 AM,Burnham Hall,"52 East River Rd, Lincoln // (Early
voting at Town Office, 62 Quaker St,
Lincoln)","Annual Town and School District meeting begins at 6
p.m. at Burnham Hall on March 3, 2025.
Australian ballot voting for officers on Tuesday, March 4,
2025. Polls open 7 a.m. to 7 p.m. at Burnham Hall.","March 4, 2025 at Burnham Hall, 52 East River Rd., polls
open 7am-7pm",,,not_found
Londonderry,802-824-3356,Annual Meeting,3/4/25,7:00 AM,Londonderry Town Hall,"139 Middletown Rd, Londonderry",,,43.1947708,-72.8143082,success
Lowell,802-744-6559,Annual Meeting,3/4/25,9:00 AM,Lowell Graded School,"52 Gelo Park Rd, Lowell",,,44.8053662,-72.4484295,success
Ludlow,802-228-3232,Annual Meeting,3/3/25,10:00 AM,Town Hall,"37 Depot Street, Ludlow","Australian Ballot Voting March 4, 2025",,43.3956673,-72.701321,success
Lunenburg,802-892-5959,Annual Meeting,3/4/25,9:00 AM,Lunenburg Elementary School,"49 Bobbin Mill Rd, Lunenburg",,,44.4652389,-71.6844625,success
Lyndon,802-626-5785,Annual Meeting,3/4/25,10:00 AM,Municipal Office Building,"119 Park Ave, Lyndonville",,,44.5360693,-72.0069245,success
Maidstone,802-676-3210,Annual Meeting,3/4/25,10:00 AM,Maidstone Town Hall,"508 VT RTE 102, Maidstone",,,44.6781382,-71.5977176,success
Manchester,802 362 1313 x1,Annual Meeting,3/4/25,8:00 AM,Manchester Town Hall,"40 Jeff Williams Way, Manchester Ctr","Town Floor Meeting: Saturday, March 1, 2025 1:00pm @
M.E.M.S.  Voting by Australian ballot: March 4, 2025
8:00am to 7:00pm @ Manchester Town Hall","Taconic and Green Regional School District: please visit
www.brsu.org",43.1889887,-73.0439402,success
Marlboro,802-254-2181,Annual Meeting,3/4/25,9:00 AM,Town House,"13 Town Hill Rd, Marlboro",,Same as town election.,42.8598103,-72.7262032,success
Marshfield,802-426-3305,Annual Meeting,3/2/25,1:00 PM,Twinfield Union School,"106 Nasmith Brook Rd, Marshfield","Town meeting is on Sunday at Twinfield. School
Australian Ballot voting is Tuesday at the Old
Schoolhouse Common.","Twinfield Union School and Central Vermont Career
Center voting Tuesday, March 4 from 9 to 7 at the Old
Schoolhouse Common, 122 School St.",44.2979806,-72.3949989,success
Mendon,802-775-1662,Annual Meeting,3/3/25,8:00 AM,Mendon Town Office,"2282 US Route 4, Mendon","2025 Mendon Town Meeting  VTRANS Office Building
61 Valley View Mendon, VT  March 3, 2025      6:00 p.m.","Barstow Unified Union School District Annual Meeting
February 25, 2025 6:30pm",43.6474494,-72.928363,success
Middlebury,"802-388-8100
x211/212",Annual Meeting,3/4/25,7:00 AM,Middlebury Recreation Center,"154 Creek Rd, Middlebury","Any other local elections (none planned, to date) will be
held at 77 Main Street, Middlebury, Vermont 05753",,44.0030088,-73.1607358,success
Middlesex,802-223-5915,Annual Meeting,3/4/25,7:00 AM,Rumney Memorial School,"433 Shady Rill Rd, Middlesex",,,44.3506167,-72.6027864,success
Middletown Springs,802-235-2220,Annual Meeting,3/4/25,7:00 AM,Town Office,"5 South St, Middletown Springs",,,43.4852742,-73.117908,success
Milton,802-893-4111,Annual Meeting,3/4/25,7:00 AM,Milton Municipal Building,"43 Bombardier Rd, Milton",,,44.6190347,-73.1239776,success
Monkton,802-453-3800,Annual Meeting,3/4/25,7:00 AM,Monkton Town Office,"92 Monkton Ridge, Monkton","Information valid as of 2024. Contact town clerk for
updates.",,44.2560887,-73.1248452,success
Montgomery,802-326-4719,Annual Meeting,3/4/25,10:00 AM,Montgomery Town Hall,"57 Main St, Montgomery Center","Special Election: Australian Ballot Charter Vote on
Tuesday, April 1st 2025. Polls open at 10:00 AM.","March 4, 2025 - polls open at 10:00 AM",44.8776153,-72.6088961,success
Montpelier,802-262-6263,Annual Meeting,3/4/25,7:00 AM,City Hall,"39 Main St, Montpelier",,"3/4/2025, 7:00AM-7:00PM",44.2592112,-72.5755301,success
Moretown,802-882-8218,Annual Meeting,3/4/25,7:00 AM,Town Office,"79 School St, Moretown","Town Meeting starts at 4:00 pm at the Moretown
Elementary School in the gymnasium.",,44.2480876,-72.7615003,success
Morgan,802-895-2927,Annual Meeting,3/4/25,6:00 PM,E. Taylor Hatton School,"158 Meade Hill Rd, Morgan","Information valid as of 2024. Contact town clerk for
updates.",,,,not_found
Morristown,802-888-6370,Annual Meeting,3/4/25,8:00 AM,Morristown Municipal Building,"43 Portland St, Morristown",,,44.5624124,-72.598812,success
Mount Holly,802-259-2391,Annual Meeting,3/4/25,10:00 AM,Mount Holly Town Office,"50 School St, Mount Holly","informational meeting is March 3, 2025, at the Mount
Holly Elementary School at 6:00pm",,43.4460462,-72.8246024,success
Mount Tabor,802-293-5282,Annual Meeting,3/3/25,10:00 AM,Town Office,"522 Brooklyn Rd, Mount Tabor",,,43.3502047,-72.983257,success
New Haven,802-453-3516,Annual Meeting,3/3/25,7:00 AM,Town Hall,"70 North St, New Haven",,"Town Hall 70 North St, New Haven, VT 05472",44.1257939,-73.1534243,success
Newark,802-467-3336,Annual Meeting,3/4/25,10:00 AM,Newark Street School,"1448 Newark St, Newark","Newark Town Meeting is a Floor Vote.  The polls will be
open 10:00am-7:00pm for the Kingdom East School
District budget vote",,44.6898042,-71.9509502,success
Newbury,802-866-5521,Annual Meeting,3/4/25,10:00 AM,Newbury Village Hall,"214 Pulaski St, Newbury",,,44.0790802,-72.0600672,success
Newfane,802-365-7772 x0,Annual Meeting,3/4/25,9:00 AM,Williamsville Hall,"35 Over Rd, Williamsville","Other towns in the district will have the Australian ballot
vote the same day, other places.","March 26, 2025, Newbrook Fire Station, 698 VT Route
30, Newfane",,,not_found
Newport,802-334-6442,Annual Meeting,3/4/25,8:00 AM,Newport Town School,"4212 VT Route 105, Newport Ctr",,,44.9523214,-72.3062968,success
Newport City,802-334-2112,Annual Meeting,3/4/25,8:00 AM,Newport City Municipal Building,"222 Main St, Newport City",,,44.9356155,-72.2108371,success
North Hero,802-372-6926,Annual Meeting,3/4/25,7:00 AM,Community Hall,"3541 US Route 2, North Hero","Informational Meeting March 3, 2025 at 7pm at the
Community Hall",,44.8167355,-73.2905813,success
Northfield,802-485-5421,Annual Meeting,3/3/25,7:00 AM,"Northfield Middle/High School -
Cafeteria","37 Cross St, Northfield","Meeting is at 6:30pm Monday night 3/3/25, held in the
Northfield High School Auditorium",,44.1533613,-72.6601921,success
Norton,802-822-9935,Annual Meeting,3/3/25,10:00 AM,Norton Town Hall,"12 VT Route 114 E, Norton",,"Maidstone Town Hall 508 VT-102, Maidstone VT",,,not_found
Norwich,802-649-1419,Annual Meeting,3/4/25,7:00 AM,Tracy Memorial Hall,"300 Main St, Norwich",,"Same location, date and time as Town Meeting.",43.7139507,-72.3078751,success
Orange,802-479-2673,Annual Meeting,3/4/25,,Orange Town Hall,"392 US Route 302, Orange",,,,,not_found
Orwell,802-948-2032,Annual Meeting,3/4/25,10:00 AM,Orwell Town Hall,"480 Main St, Orwell",,,43.8042973,-73.2997055,success
Panton,802-475-2333,Annual Meeting,3/4/25,7:00 AM,Town Hall - 2nd floor,"3154 Jersey St, Panton",,,44.1478041,-73.3415106,success
Pawlet,802-325-3309,Annual Meeting,3/3/25,9:00 AM,Town Hall,"122 School St, Pawlet",,"School Info Meeting is 2/26 at Rupert Firehouse, 2673
Rte. 153",43.3456644,-73.1789302,success
Peru,802-824-3065,Annual Meeting,3/4/25,7:00 AM,Peru Town Hall,"402 Main St, Peru",,03/04/2025 7am - 7pm Town Hall,43.2296001,-72.9009524,success
Pittsfield,802-746-8170,Annual Meeting,3/4/25,6:00 PM,Town Hall,"56 Village Green, Pittsfield",6pm Town Hall Floor Vote,,43.7709271,-72.8123982,success
Pittsford,"802-483-6500
x100/110",Annual Meeting,3/3/25,7:00 AM,"Pittsford Town Office, Conference
Room","426 Plains Rd, Pittsford","Town Meeting will be held at the Lothrop School
Gymnasium, Pittsford, VT  05763 on March 3, 2025 at
6:30 p.m.","Otter Valley Union Unified School District meet at the
Otter Valley Union High School Auditorium on
Wednesday, February 26, 2025, at 6:30 p.m.",43.7153851,-73.0280326,success
Plainfield,802-454-8461,Annual Meeting,3/4/25,9:00 AM,Plainfield Town Hall Opera House,"18 High Street, Plainfield",,,44.2783285,-72.426145,success
Plymouth,802-500-1815,Annual Meeting,3/4/25,7:00 PM,Plymouth Municipal Building,"68 Town Office Rd, Plymouth","Floor meeting 3/3/2025 at 7:00 pm. Australian ballot
voting 3/4/2025 10:00 am - 7:00 pm.",,43.5341803,-72.7428531,success
Pomfret,802-457-3861,Annual Meeting,3/4/25,8:00 AM,Pomfret Town Office,"5218 Pomfret Road, North Pomfret","Info Meeting 2/22/2025 at 9:00am at the Pomfret Town
Hall and via Zoom",,43.724567,-72.45557,success
Poultney,802-287-5761,Annual Meeting,3/4/25,10:00 AM,Poultney Fire House,"55 Fire House Ln, Poultney",,Quarry Valley Unified Union School District,,,not_found
Pownal,802-823-0116 x101,Annual Meeting,3/4/25,10:00 AM,Town Office,"511 Center St, Pownal",,,42.7945965,-73.2238675,success
Proctor,802-459-3333,Annual Meeting,3/4/25,10:00 AM,Proctor Jr.-Sr. High School,"4 Park St, Proctor",,,43.6551765,-73.0286926,success
Putney,802-387-5862,Annual Meeting,3/4/25,10:00 AM,Putney Central School,"182 Westminster Rd, Putney",,,42.986092,-72.5285723,success
Randolph,802-728-5433 x11,Annual Meeting,3/4/25,7:00 AM,Town Hall,"7 Summer St, Randolph",,,43.9236855,-72.6665688,success
Reading,802-484-7250,Annual Meeting,3/4/25,7:00 AM,Robinson Hall,"799 VT Route 106, Reading",,,43.4556296,-72.5374645,success
Readsboro,802-423-5405,Annual Meeting,3/4/25,10:00 AM,Readsboro Central School,"301 Phelps Lane, Readsboro",,Same as town election.,42.7719185,-72.940478,success
Richford,802-848-7751,Annual Meeting,3/4/25,10:00 AM,Richford Town Hall,"94 Main St, Richford",,,44.994817,-72.6736162,success
Richmond,802-434-2221 x2,Annual Meeting,3/4/25,7:00 AM,Camels Hump Middle School,"173 School St, Richmond",,,44.4134914,-72.9942542,success
Ripton,802-388-2266,Annual Meeting,3/3/25,8:00 AM,Ripton Community House,"1283 VT Route 125, Ripton","03/03/2025 Floor Meeting.  03/04/2025 Australian ballot
voting.",,43.9750789,-73.0371657,success
Rochester,802-767-3631,Annual Meeting,3/3/25,7:00 PM,High School Auditorium,"222 S Maint St, Rochester",Floor vote,,,,not_found
Rockingham,802-463-4336,Annual Meeting,3/4/25,8:00 AM,Masonic Temple,"61 Westminster St, Bellows Falls",,,43.1311004,-72.4446544,success
Roxbury,802-485-7840,Annual Meeting,3/4/25,10:00 AM,"Roxbury Town Hall,  Village
School","1567 Roxbury Rd, Roxbury",,,44.0922683,-72.7331959,success
Royalton,802-763-7207,Annual Meeting,3/4/25,8:00 AM,WRUD Royalton Campus,"223 S Windsor St, South Royalton","Town Meeting floor vote begins at 10am. Australian
balloting begins 8am to 7pm.","WRUD floor vote 3/3/25 at 6pm - 223 S Windsor St,
Royalton Campus",43.8193369,-72.5173415,success
Rupert,802-394-7728,Annual Meeting,3/4/25,10:00 AM,Rupert Town Office,"187 East St, West Rupert","Pre-town Informational Meeting    February 28, 2025
7:00 P.M.  Rupert Fire House",,43.2381167,-73.2393644,success
Rutland City Ward 1,802-774-7821,Annual Meeting,3/4/25,7:00 AM,Godnick Senior Center,"1 Deer Street, Rutland",,,43.6136586,-72.9680603,success
Rutland City Ward 2,802-774-7821,Annual Meeting,3/4/25,7:00 AM,Christ the King School,"60 South Main St, Rutland",,,43.6044406,-72.9709716,success
Rutland City Ward 3,802-774-7821,Annual Meeting,3/4/25,7:00 AM,American Legion,"33 Washington St, Rutland",,,43.6058841,-72.9759467,success
Rutland City Ward 4,802-774-7821,Annual Meeting,3/4/25,7:00 AM,Calvary Bible Church,"2 Meadow Ln, Rutland",,,43.6191306,-72.9840664,success
Rutland Town A,802-773-2528,Annual Meeting,3/4/25,7:00 AM,Town Hall-Rutland Town,"181 Business Route 4, Center Rutland",,,43.6045253,-73.0130821,success
Rutland Town B,802-773-2528,Annual Meeting,3/4/25,7:00 AM,Rutland Town School,"Post Rd, Rutland",,,43.6389139,-72.9437893,success
Ryegate,802-584-3880,Annual Meeting,3/4/25,10:00 AM,Ryegate Town House,"134 Witherspoon Rd, Ryegate",,Australian Ballot BMU School Budget Vote,44.2083871,-72.1062105,success
Saint Albans City,802-524-1500 x264,Annual Meeting,3/4/25,7:00 AM,Saint Albans City Hall,"100 N Main St, Saint Albans City",,,44.8133637,-73.0835654,success
Saint Albans Town,802-524-2415,Annual Meeting,3/4/25,7:00 AM,Collins Perley Sports Complex,"890 Fairfax Rd, Saint Albans Town",,,44.7940381,-73.0758038,success
Saint George,802-482-5272,Annual Meeting,3/4/25,6:00 PM,Little Red School House,"35 Barber Rd, Saint George","Town meeting is held at 6pm at the Little Red
Schoolhouse","Town Hall,  21 Barber Rd, 7am-7pm",44.3790257,-73.1272147,success
Saint Johnsbury,802-748-4331,Annual Meeting,3/4/25,8:00 AM,Town Office Building,"51 Depot Square, Saint Johnsbury",,,44.4171116,-72.0153781,success
Salisbury,802-352-4228,Annual Meeting,3/4/25,8:00 AM,Salisbury Town Clerk's Office,"25 Schoolhouse Rd, Salisbury","Information valid as of 2024. Contact town clerk for
updates.",,43.8981999,-73.1035835,success
Sandgate,802-375-9075,Annual Meeting,3/4/25,10:00 AM,Sandgate Town Hall,"3266 Sandgate Rd, Sandgate","Information valid as of 2024. Contact town clerk for
updates.",,43.1480311,-73.1983008,success
Searsburg,802-464-8081,Annual Meeting,3/4/25,10:00 AM,Searsburg Town Office,"18 Town Garage Rd, Searsburg",,4-Mar-25,42.8959102,-72.9778074,success
Shaftsbury,802-442-4038 x1,Annual Meeting,3/3/25,7:00 AM,Town Garage,"526 North Rd, Shaftsbury",,,42.963359,-73.2003956,success
Sharon,802-763-8268 x1,Annual Meeting,3/4/25,7:00 AM,Sharon Elementary School,"135 School St, Sharon",,,43.7849712,-72.4561839,success
Sheffield,802-626-8862,Annual Meeting,3/4/25,9:00 AM,Sheffield Town Hall,"3210 VT Route 122, Sheffield",,,44.603649,-72.1167451,success
Shelburne,802-985-5116,Annual Meeting,3/4/25,7:00 AM,Town Center Gym,"5420 Shelburne Rd, Shelburne",,,44.3786378,-73.2290538,success
Sheldon,802-933-2524,Annual Meeting,3/4/25,7:00 AM,Sheldon Elementary School,"78 Poor Farm Rd, Sheldon",,,44.9007291,-72.9692426,success
Shoreham,802-897-5841,Annual Meeting,3/3/25,7:00 AM,Town Office,"297 Main St, Shoreham",,Addison Central School District,43.8933997,-73.315241,success
Shrewsbury,802-492-3511,Annual Meeting,3/4/25,10:00 AM,Community  Meeting House,"88 Lottery Rd, Shrewsbury",,,43.5097515,-72.8691152,success
South Burlington,802-846-4119,Annual Meeting,3/4/25,7:00 AM,CHI-8: Senior Center,"180 Market St, South Burlington",,Same as Town Meeting,44.4658071,-73.1771497,success
South Burlington,802-846-4119,Annual Meeting,3/4/25,7:00 AM,"CHI-9 & CHI-11: Tuttle Middle
School","500 Dorset St, South Burlington",,,44.4568783,-73.1768343,success
South Burlington,802-846-4119,Annual Meeting,3/4/25,7:00 AM,CHI-10: Chamberlain School,"262 White St, South Burlington",,,44.4714062,-73.1654379,success
South Burlington,802-846-4119,Annual Meeting,3/4/25,7:00 AM,CHI-12: Orchard School,"2 Baldwin Ave, South Burlington",,,44.4397611,-73.2076821,success
South Hero,802-372-5552,Annual Meeting,3/4/25,7:00 AM,Town Hall,"333 Route 2, South Hero",Info meeting on 3/1/25,,44.6451045,-73.3061192,success
Springfield,802-885-2104,Annual Meeting,3/4/25,8:00 AM,Riverside Middle School,"13 Fairground Rd, Springfield",,,43.3045059,-72.4971824,success
Stamford,802-694-1361,Annual Meeting,3/3/25,10:00 AM,"Stamford Elementary School
Community Room","986 Main Rd, Stamford",Australian Ballot election on 3/4/25 from 10 am - 7 pm,Australian Ballot election on 3/4/25 from 10 am - 7 pm,42.7547223,-73.0675517,success
Stannard,802-533-2577,Annual Meeting,3/4/25,10:00 AM,Stannard Town Hall,"615 Stannard Mountain Rd, Greensboro
Bend",,"School meeting begins at 9, regular meeting to follow",,,not_found
Starksboro,802-453-2639,Annual Meeting,3/4/25,7:00 AM,Robinson School,"41 Parsonage Rd, Starksboro",,,44.2235711,-73.0579176,success
Stowe,802-253-6133,Annual Meeting,3/4/25,7:00 AM,Stowe High School,"413 Barrows Road, Stowe",,,44.4652003,-72.7261242,success
Strafford,802-765-4411,Annual Meeting,3/4/25,9:00 AM,Strafford Town Office,"12 Brook Rd, Strafford",,,43.8667231,-72.3776902,success
Stratton,802-896-6184,Annual Meeting,3/4/25,10:00 AM,Stratton Town Hall,"688 Stratton-Arlington Rd, Stratton","All elections are from the floor. Our Town Meeting begins
at 10:00am and our School District Meeting begins at
11:00am",,43.0429927,-72.9094707,success
Sudbury,802-623-7296,Annual Meeting,3/4/25,10:00 AM,Sudbury Town Hall,"2759 Route 30, Sudbury",,,43.7995606,-73.2040228,success
Sunderland,802-375-6106,Annual Meeting,3/4/25,10:00 AM,Sunderland Town Office Bldg,"104 Mountain View Rd, Sunderland",,,43.1046865,-73.1190644,success
Sutton,802-467-3377,Annual Meeting,3/4/25,8:00 AM,Sutton School,"95 Underpass Rd, Sutton",,,44.6335301,-72.0281301,success
Swanton,802-868-4421,Annual Meeting,2/4/25,7:00 AM,Swanton Village Complex,"120 First St, Swanton",,,44.9205663,-73.1129424,success
Thetford,802-785-2922,Annual Meeting,3/1/25,9:00 AM,Thetford Elementary School,"2689 Route 113, Thetford","School and Town Officers, School Budget 3/4 @Town
Hall",School Meeting 3/1 and Voting 3/4 @ Town Hall,43.8193917,-72.2311395,success
Tinmouth,802-446-2498,Annual Meeting,3/4/25,8:00 AM,Tinmouth Community Center,"573 Route 140, Tinmouth",,,43.4854911,-73.0937635,success
Topsham,802-439-5505,Annual Meeting,3/4/25,10:00 AM,Topsham Town Hall,"6 Harts Rd, Topsham","Information valid as of 2024. Contact town clerk for
updates.",,44.1212023,-72.2318785,success
Townshend,802-365-7300 x1,Annual Meeting,3/4/25,9:00 AM,Dutton Gym,"2030 VT Route 30, Townshend","Information valid as of 2024. Contact town clerk for
updates.",,,,not_found
Troy,802-988-2663,Annual Meeting,3/4/25,10:00 AM,Troy Elementary School,"126 Main St, North Troy",,,44.9961602,-72.4052356,success
Tunbridge,802-889-5521,Annual Meeting,3/4/25,10:00 AM,Tunbridge Central School,"523 VT Route 110, Tunbridge",,,43.9169091,-72.4747964,success
Underhill,802-899-4434 x1,Annual Meeting,3/4/25,7:00 AM,Brown's River Midde School,"20 River Rd, Jericho",,,44.5192685,-72.9442924,success
Vergennes,802-877-2841,Annual Meeting,3/4/25,9:00 AM,Vergennes Fire Station,"50 Green St, Vergennes","Annual informational meeting on March 3rd, voting on
March 4th",,44.1666121,-73.2513637,success
Vernon,802 257 0292,Annual Meeting,3/4/25,7:00 AM,Town Hall - downstairs,"567 Governor Hunt Rd, Vernon","Floor meeting on Monday, March 3 at 6:30 PM at Vernon
School","Vernon Elementary School floor meeting at 6:30 PM on
March 3",42.779883,-72.5218199,success
Vershire,802-685-2227,Annual Meeting,3/4/25,7:00 AM,Vershire Town Center Building,"27 Vershire Center Rd, Vershire","Information valid as of 2024. Contact town clerk for
updates.",,43.9699537,-72.3237216,success
Victory,802-328-2400,Annual Meeting,3/4/25,10:00 AM,Victory Town Hall,"102 Radar Rd, Victory",,,44.5762304,-71.7847155,success
Waitsfield,802-496-2218 x3,Annual Meeting,3/4/25,7:00 AM,Waitsfield Elementary School,"3951 Main St, Waitsfield","Town Meeting, 9:00 a.m. (same location)",,44.1943107,-72.8195136,success
Walden,802-563-2220,Annual Meeting,3/4/25,10:00 AM,Walden School,"135 Cahoon Farm Rd, Walden",,"March 4, 2025, 10-7 polling hours",44.4542363,-72.2192092,success
Wallingford,802-446-2336,Annual Meeting,3/4/25,10:00 AM,Wallingford Town Hall,"75 School St, Wallingford",,,43.4717321,-72.9758057,success
Waltham,802-877-3641,Annual Meeting,3/3/25,10:00 AM,Town Hall,"2053 Maple St, Waltham",,,44.1309495,-73.2446738,success
Wardsboro,802-896-6055,Annual Meeting,3/4/25,9:00 AM,Wardsboro Town Hall,"99 Main St, Wardsboro","All voting for town meeting is from the floor. The meeting
begins at 9 am.","River Valleys Unified School District - 4/29/2025, 6 pm",43.0421179,-72.7901769,success
Warren,802-496-2709,Annual Meeting,3/4/25,7:00 AM,Warren Elementary School,"293 School Road, Warren",,,44.1163948,-72.8527229,success
Washington,802-883-2218,Annual Meeting,3/4/25,8:00 AM,"Washington Village School
campus","72 School Lane, Washington",,,44.107932,-72.4318849,success
Waterbury,802-244-8447,Annual Meeting,3/4/25,7:00 AM,Brookside Primary School,"47 Stowe St, Waterbury",,Harwood Unified School District,44.3392918,-72.7525203,success
Waterford,802 748 2122,Annual Meeting,3/4/25,10:00 AM,Waterford School,"276 Duck Pond Rd, Waterford",,Caledonia Cooperative School District,44.4028123,-71.9277651,success
Waterville,802-644-8865,Annual Meeting,3/4/25,10:00 AM,Waterville Town Hall,"544 VT Route 109, Waterville",,,44.6903457,-72.7689868,success
Weathersfield,802-674-9500,Annual Meeting,3/4/25,8:00 AM,Martin Memorial Hall,"5259 US Route 5, Ascutney","Information valid as of 2024. Contact town clerk for
updates.",,43.4081585,-72.4070815,success
Wells,802-645-0486,Annual Meeting,3/4/25,10:00 AM,Wells Town Hall,"1064 VT Route 30, Wells","Information valid as of 2024. Contact town clerk for
updates.",,43.4164396,-73.2124764,success
West Fairlee,802-333-9696,Annual Meeting,3/1/25,10:00 AM,Town Offices/Community Building,"870 VT Route 113, West Fairlee",,,43.9097124,-72.262734,success
West Haven,802-265-4880,Annual Meeting,3/4/25,10:00 AM,Buckley Memorial Hall,"2919 Main Rd, West Haven",,,43.6518142,-73.3385963,success
West Rutland,802-438-2204,Annual Meeting,3/3/25,10:00 AM,"West Rutland Town Hall
Auditorium","35 Marble St, West Rutland",,,43.5949859,-73.0484762,success
West Windsor,802-484-7212,Annual Meeting,3/4/25,9:00 AM,Story Memorial Hall,"22 Brownsville-Hartland Rd, Brownsville",,"School Budget Vote, Polls Open 9:00 a.m. - 7:00 p.m.",43.468212,-72.4708698,success
Westfield,802-744-2484,Annual Meeting,3/4/25,9:00 AM,Westfield Community Center,"59 North Hill Rd, Westfield",,,44.8898475,-72.4290096,success
Westford,802-878-4587,Annual Meeting,3/4/25,7:00 AM,Westford School,"146 Brook Rd, Westford","Information valid as of 2024. Contact town clerk for
updates.",,,,not_found
Westminster,802-722-4091,Annual Meeting,3/1/25,8:00 AM,Westminster Institute,"3534 US Route 5, Westminster","Annual Meeting location: Bellows Falls Union High
School Auditorium  Start Time: 10:00 a.m.",,43.0672295,-72.4586573,success
Westmore,802-525-3007,Annual Meeting,3/4/25,10:00 AM,Fellowship Hall,"37 Hinton Hill Road, Westmore",,,44.7717152,-72.0544231,success
Weston,802-824-6645,Annual Meeting,3/4/25,8:00 AM,Walker Farm Theater,"705 Main St, Weston",,,43.2934334,-72.7889624,success
Weybridge,802-545-2450,Annual Meeting,3/4/25,7:00 AM,Weybridge Town Office,"1727 Quaker Village Rd, Weybridge","Information valid as of 2024. Contact town clerk for
updates.",,44.063488,-73.2154831,success
Wheelock,802-626-9094,Annual Meeting,3/4/25,10:00 AM,Wheelock Town Hall,"1192 VT Route 122, Wheelock",,,44.5877651,-72.0826392,success
Whiting,802 623-7813,Annual Meeting,3/4/25,7:00 AM,Whiting Town Hall,"29 S Main St, Whiting",,,43.8620084,-73.2008453,success
Whitingham,802-368-7887,Annual Meeting,3/4/25,10:00 AM,"Twin Valley Middle High School -
Gymnasium","4299 VT Route 100, Whitingham",,,42.7864725,-72.8402818,success
Williston,802-878-5121,Annual Meeting,3/3/25,7:00 AM,National Guard Armory,"7846 Williston Rd, Williston","Williston Town Meeting is on March 3rd, 2025, Williston
Central School Auditorium. Australian ballot voting on all
officers and budget items is on Tuesday, March 4th, 2025
from 7am-7pm at the National Guard Armory.","Annual Mtg. 3/3/25.  5pm at CVU.   Ballot Voting on
3/4/25.",44.4383248,-73.0740551,success
Wilmington,802-464-5836 x115,Annual Meeting,3/4/25,10:00 AM,Old School Community Center,"1 School St, Wilmington","Australian Ballot for TVUU on March 4, 7am - 7pm, Old
School Community Center","TVUU Annua Meeting, Feb 25, 6pm @ TV Elementary
School",42.8660734,-72.8691216,success
Windham,802-874-4211,Annual Meeting,3/4/25,10:00 AM,Windham Meeting House,"26 Harrington Rd, Windham","Town Officials will be elected by Australian Ballot, all
other articles and School District will be voted from the
floor.","All articles including officers will be elected from the floor
during Town Meeting.",43.1807132,-72.725819,success
Windsor,802-674-5610,Annual Meeting,3/4/25,9:00 AM,"Windsor Recreation Center
Gymnasium","29 Union St, Windsor",,Mount Ascutney School District Annual Meeting,43.476652,-72.3925246,success
Winhall,802-297-2122,Annual Meeting,3/4/25,10:00 AM,The Mountain School,"9 School Dr, Winhall",,,,,not_found
Winooski,802-655-6410,Annual Meeting,3/4/25,7:00 AM,Winooski Senior Center,"123 Barlow St, Winooski",,,44.4935254,-73.1828043,success
Wolcott,802-888-2746,Annual Meeting,3/4/25,8:00 AM,Wolcott Town School,"320 School Hill Dr, Wolcott","School Budget by Ballot, School officers from the floor.
Town Officers voted by Ballot, Town Budget from the
floor",,44.5377055,-72.4531861,success
Woodbury,802-456-7051,Annual Meeting,3/1/25,10:00 AM,Woodbury Elementary School,"63 Valley Lake Rd, Woodbury",,,44.4399026,-72.4166961,success
Woodford,802-442-4895,Annual Meeting,3/3/25,7:00 AM,Woodford Town Hall,"1391 VT Route 9, Woodford",,,42.8967644,-73.1302112,success
Woodstock,802-457-3456,Annual Meeting,3/4/25,7:00 AM,Woodstock Town Hall,"31 The Green, Woodstock",,,43.6231964,-72.5216805,success
